{
    "8": {
        "d_avg": 0.14691543110494998,
        "d_tail": 0.14691543110494998,
        "count": 12427
    },
    "10": {
        "d_avg": 0.14599279055933692,
        "d_tail": 0.14952056448904535,
        "count": 12277
    },
    "16": {
        "d_avg": 0.1480558067522398,
        "d_tail": 0.1563387982307267,
        "count": 11827
    },
    "24": {
        "d_avg": 0.15110240704824943,
        "d_tail": 0.1645336121238449,
        "count": 11229
    },
    "30": {
        "d_avg": 0.15200317920110928,
        "d_tail": 0.17230449340439638,
        "count": 10785
    },
    "32": {
        "d_avg": 0.15441055642931084,
        "d_tail": 0.17216398697766594,
        "count": 10640
    },
    "64": {
        "d_avg": 0.16738203156952108,
        "d_tail": 0.1988010237483462,
        "count": 8427
    }
}
