{
    "10": {
        "d_avg": 0.14599279055933692,
        "d_tail": 0.14952056448904535,
        "count": 12277
    },
    "16": {
        "d_avg": 0.1480558067522398,
        "d_tail": 0.1563387982307267,
        "count": 11827
    },
    "24": {
        "d_avg": 0.15110240704824943,
        "d_tail": 0.1645336121238449,
        "count": 11229
    },
    "30": {
        "d_avg": 0.15200317920110928,
        "d_tail": 0.17230449340439638,
        "count": 10785
    }
}