{
    "10": {
        "streammamba": {
            "within_2": 82.66666666666667,
            "within_4": 84.0,
            "within_8": 93.33333333333333,
            "within_16": 96.0,
            "within_32": 100.0,
            "average": 91.2
        },
        "internvideo2": {
            "within_2": 69.33333333333333,
            "within_4": 80.0,
            "within_8": 86.66666666666667,
            "within_16": 90.66666666666667,
            "within_32": 93.33333333333333,
            "average": 84.0
        }
    }
}